Year,Baseline,With_Events,Optimistic,Pessimistic
2025,55.68421052631584,78.68421052631584,67.18421052631584,62.584210526315836
2026,58.5,91.5,75.0,68.4
2027,61.31578947368416,94.31578947368416,77.81578947368416,71.21578947368417
